<?xml version = '1.0' encoding = 'UTF-8'?>
<Diagram class="oracle.dbtools.crest.swingui.relational.DPVRelational" name="Relational_1" id="C331F372-878A-BF22-EA22-C77A45898040">
<createdBy>Lena</createdBy>
<modifiedBy>Lena</modifiedBy>
<createdTime>2024-05-31 03:50:56 UTC</createdTime>
<autoRoute>false</autoRoute>
<boxInbox>true</boxInbox>
<showLegend>false</showLegend>
<showLabels>false</showLabels>
<showRelAttributes>false</showRelAttributes>
<gridEnabled>false</gridEnabled>
<showGrid>false</showGrid>
<diagramColor>-1</diagramColor>
<display>false</display>
<notation>1</notation>
<objectViews>
<OView class="oracle.dbtools.crest.swingui.relational.TVTable" oid="089640B0-FF76-73F7-6AD4-9A3C8AF672AA" otype="Table" vid="F1F28529-5C7A-26B6-31EA-B9D26887A084">
<hideElementsInCurrentOnly>false</hideElementsInCurrentOnly>
<bounds x="136" y="32" width="240" height="225"/>
</OView>
<OView class="oracle.dbtools.crest.swingui.relational.TVTable" oid="22D8D4D1-4AA5-22B4-84E0-764078701891" otype="Table" vid="E5787AA4-0C8B-7F3E-2643-5B199C4A1825">
<hideElementsInCurrentOnly>false</hideElementsInCurrentOnly>
<bounds x="835" y="34" width="254" height="229"/>
</OView>
<OView class="oracle.dbtools.crest.swingui.relational.TVTable" oid="258D32D5-5E56-E432-F7E0-FB1BE01EB01C" otype="Table" vid="1F8A0E8F-04D9-0D62-4063-890BAC97927B">
<hideElementsInCurrentOnly>false</hideElementsInCurrentOnly>
<bounds x="853" y="319" width="243" height="222"/>
</OView>
<OView class="oracle.dbtools.crest.swingui.relational.TVTable" oid="394EE3FA-60A8-C4CD-5C0F-87A57A027886" otype="Table" vid="31904173-3698-B32A-184A-242474C62C33">
<hideElementsInCurrentOnly>false</hideElementsInCurrentOnly>
<bounds x="498" y="515" width="170" height="110"/>
</OView>
<OView class="oracle.dbtools.crest.swingui.relational.TVTable" oid="AA2FC01A-6165-B644-38B0-F27F38DA23E5" otype="Table" vid="F552CF52-4444-64F5-222E-81A4135683DF">
<hideElementsInCurrentOnly>false</hideElementsInCurrentOnly>
<bounds x="490" y="295" width="170" height="110"/>
</OView>
<OView class="oracle.dbtools.crest.swingui.relational.TVTable" oid="BF5B935C-4E42-5356-37BF-B4097F60269C" otype="Table" vid="DB53AE01-A33F-3AE3-F94F-C1055CED256D">
<hideElementsInCurrentOnly>false</hideElementsInCurrentOnly>
<bounds x="120" y="297" width="258" height="226"/>
</OView>
<OView class="oracle.dbtools.crest.swingui.relational.TVTable" oid="FCC3477E-72DB-2D64-6F3B-8B2735D4A1DD" otype="Table" vid="E3C757F2-FA53-F258-3150-0B5D641E3D5E">
<hideElementsInCurrentOnly>false</hideElementsInCurrentOnly>
<bounds x="435" y="22" width="170" height="110"/>
</OView>
</objectViews>
<connectors>
<Connector class="oracle.dbtools.crest.swingui.relational.TVFKRelation" oid="12E6CA25-F2D9-920A-B735-D5B7E8B4E37E" otype="FKIndexAssociation" vid_source="F1F28529-5C7A-26B6-31EA-B9D26887A084" vid_target="E3C757F2-FA53-F258-3150-0B5D641E3D5E">
<hideElementsInCurrentOnly>false</hideElementsInCurrentOnly>
<backgroundColor>-16777216</backgroundColor>
<lineWidth>1</lineWidth>
<points>
<point x="376" y="82"/>
<point x="435" y="82"/>
</points>
</Connector>
<Connector class="oracle.dbtools.crest.swingui.relational.TVFKRelation" oid="27F7679A-3F9B-4294-BD90-9BC04FDCF7A7" otype="FKIndexAssociation" vid_source="1F8A0E8F-04D9-0D62-4063-890BAC97927B" vid_target="31904173-3698-B32A-184A-242474C62C33">
<hideElementsInCurrentOnly>false</hideElementsInCurrentOnly>
<backgroundColor>-16777216</backgroundColor>
<lineWidth>1</lineWidth>
<points>
<point x="853" y="528"/>
<point x="668" y="528"/>
</points>
</Connector>
<Connector class="oracle.dbtools.crest.swingui.relational.TVFKRelation" oid="3A6AC907-8E87-6E14-F52F-00401B171207" otype="FKIndexAssociation" vid_source="E5787AA4-0C8B-7F3E-2643-5B199C4A1825" vid_target="F552CF52-4444-64F5-222E-81A4135683DF">
<hideElementsInCurrentOnly>false</hideElementsInCurrentOnly>
<backgroundColor>-16777216</backgroundColor>
<lineWidth>1</lineWidth>
<points>
<point x="835" y="214"/>
<point x="660" y="305"/>
</points>
</Connector>
<Connector class="oracle.dbtools.crest.swingui.relational.TVFKRelation" oid="445DCF78-C5D2-0ADC-06EA-5A1EC6BA7F28" otype="FKIndexAssociation" vid_source="DB53AE01-A33F-3AE3-F94F-C1055CED256D" vid_target="F552CF52-4444-64F5-222E-81A4135683DF">
<hideElementsInCurrentOnly>false</hideElementsInCurrentOnly>
<backgroundColor>-16777216</backgroundColor>
<lineWidth>1</lineWidth>
<points>
<point x="378" y="351"/>
<point x="490" y="351"/>
</points>
</Connector>
<Connector class="oracle.dbtools.crest.swingui.relational.TVFKRelation" oid="4D76A169-534F-C1FA-22C2-27DA5A889998" otype="FKIndexAssociation" vid_source="E5787AA4-0C8B-7F3E-2643-5B199C4A1825" vid_target="E3C757F2-FA53-F258-3150-0B5D641E3D5E">
<hideElementsInCurrentOnly>false</hideElementsInCurrentOnly>
<backgroundColor>-16777216</backgroundColor>
<lineWidth>1</lineWidth>
<points>
<point x="835" y="83"/>
<point x="605" y="83"/>
</points>
</Connector>
<Connector class="oracle.dbtools.crest.swingui.relational.TVFKRelation" oid="6D1E3725-08EA-A618-8F70-9A0E33D4FF61" otype="FKIndexAssociation" vid_source="DB53AE01-A33F-3AE3-F94F-C1055CED256D" vid_target="31904173-3698-B32A-184A-242474C62C33">
<hideElementsInCurrentOnly>false</hideElementsInCurrentOnly>
<backgroundColor>-16777216</backgroundColor>
<lineWidth>1</lineWidth>
<points>
<point x="378" y="519"/>
<point x="498" y="519"/>
</points>
</Connector>
</connectors>
</Diagram>