<?xml version = '1.0' encoding = 'UTF-8'?>
<Entity class="oracle.dbtools.crest.model.design.logical.Entity" directorySegmentName="seg_0" id="13DC6558-B939-2063-F0E2-3D9EBE75389C" name="categorie">
<createdBy>Lena</createdBy>
<createdTime>2024-05-31 03:36:20 UTC</createdTime>
<ownerDesignName>modelisation</ownerDesignName>
<engineerTo>
<item key="7B4DF507-5C8F-8718-D83D-81A3DCFA9379" value="true"/>
</engineerTo>
<adequatelyNormalized>NO</adequatelyNormalized>
<expectedVolumes>0</expectedVolumes>
<fwdEngineeringStrategyName>Single Table</fwdEngineeringStrategyName>
<growthPercent>0</growthPercent>
<growthType>Year</growthType>
<maxVolumes>9999999</maxVolumes>
<minVolumes>0</minVolumes>
<normalForm>Third</normalForm>
<attributes itemClass="oracle.dbtools.crest.model.design.logical.Attribute">
<Attribute name="id_categorie" id="E20AA7C2-E8F5-46E0-A7CB-6395C19ADC3B">
<createdBy>Lena</createdBy>
<createdTime>2024-05-31 03:36:38 UTC</createdTime>
<ownerDesignName>modelisation</ownerDesignName>
<engineerTo>
<item key="7B4DF507-5C8F-8718-D83D-81A3DCFA9379" value="true"/>
</engineerTo>
<useDomainConstraints>false</useDomainConstraints>
<use>1</use>
<logicalDatatype>LOGDT019</logicalDatatype>
<ownDataTypeParameters>,,</ownDataTypeParameters>
</Attribute>
<Attribute name="nom_categorie" id="FF632BD2-EFA0-1314-633F-FFBB6888E5F4">
<createdBy>Lena</createdBy>
<createdTime>2024-05-31 03:36:55 UTC</createdTime>
<ownerDesignName>modelisation</ownerDesignName>
<engineerTo>
<item key="7B4DF507-5C8F-8718-D83D-81A3DCFA9379" value="true"/>
</engineerTo>
<useDomainConstraints>false</useDomainConstraints>
<use>1</use>
<logicalDatatype>LOGDT024</logicalDatatype>
<dataTypeSize>100</dataTypeSize>
<ownDataTypeParameters>100,,</ownDataTypeParameters>
</Attribute>
<Attribute name="description" id="CFCC491B-D750-AD55-0061-7329843482D2">
<createdBy>Lena</createdBy>
<createdTime>2024-05-31 15:12:47 UTC</createdTime>
<ownerDesignName>modelisation</ownerDesignName>
<engineerTo>
<item key="7B4DF507-5C8F-8718-D83D-81A3DCFA9379" value="true"/>
</engineerTo>
<nullsAllowed>true</nullsAllowed>
<useDomainConstraints>false</useDomainConstraints>
<use>1</use>
<logicalDatatype>LOGDT024</logicalDatatype>
<dataTypeSize>2000</dataTypeSize>
<ownDataTypeParameters>2000,,</ownDataTypeParameters>
</Attribute>
</attributes>
<identifiers itemClass="oracle.dbtools.crest.model.design.logical.CandidateKey">
<identifier id="49297BE3-2549-6A13-E813-460187FB6715" name="CATEGORIE PK">
<createdBy>Lena</createdBy>
<createdTime>2024-05-31 03:36:48 UTC</createdTime>
<ownerDesignName>modelisation</ownerDesignName>
<shouldEngineer>false</shouldEngineer>
<engineerTo>
<item key="7B4DF507-5C8F-8718-D83D-81A3DCFA9379" value="false"/>
</engineerTo>
<pk>true</pk>
<usedAttributes>
<attributeRef>E20AA7C2-E8F5-46E0-A7CB-6395C19ADC3B</attributeRef>
</usedAttributes>
</identifier>
</identifiers>
</Entity>