<?xml version = '1.0' encoding = 'UTF-8'?>
<Entity class="oracle.dbtools.crest.model.design.logical.Entity" directorySegmentName="seg_0" id="3F975731-8858-BFA8-170B-873F98AC9135" name="achat">
<createdBy>Lena</createdBy>
<createdTime>2024-05-31 03:32:46 UTC</createdTime>
<ownerDesignName>modelisation</ownerDesignName>
<engineerTo>
<item key="7B4DF507-5C8F-8718-D83D-81A3DCFA9379" value="true"/>
</engineerTo>
<adequatelyNormalized>NO</adequatelyNormalized>
<expectedVolumes>0</expectedVolumes>
<fwdEngineeringStrategyName>Single Table</fwdEngineeringStrategyName>
<growthPercent>0</growthPercent>
<growthType>Year</growthType>
<maxVolumes>9999999</maxVolumes>
<minVolumes>0</minVolumes>
<normalForm>Third</normalForm>
<attributes itemClass="oracle.dbtools.crest.model.design.logical.Attribute">
<Attribute name="id_achat" id="42154C54-1608-0770-C5B1-FB3A0B81B8B6">
<createdBy>Lena</createdBy>
<createdTime>2024-05-31 03:33:13 UTC</createdTime>
<ownerDesignName>modelisation</ownerDesignName>
<engineerTo>
<item key="7B4DF507-5C8F-8718-D83D-81A3DCFA9379" value="true"/>
</engineerTo>
<useDomainConstraints>false</useDomainConstraints>
<use>1</use>
<logicalDatatype>LOGDT019</logicalDatatype>
<ownDataTypeParameters>,,</ownDataTypeParameters>
</Attribute>
<Attribute name="id_produit" id="BD44F4F6-F8C6-1142-0AB0-379AA27ACA57">
<createdBy>Lena</createdBy>
<createdTime>2024-05-31 03:33:46 UTC</createdTime>
<ownerDesignName>modelisation</ownerDesignName>
<engineerTo>
<item key="7B4DF507-5C8F-8718-D83D-81A3DCFA9379" value="true"/>
</engineerTo>
<useDomainConstraints>false</useDomainConstraints>
<use>1</use>
<logicalDatatype>LOGDT019</logicalDatatype>
<ownDataTypeParameters>,,</ownDataTypeParameters>
</Attribute>
<Attribute name="id_client" id="727AB00E-9CE6-130A-3672-90C2A1332976">
<createdBy>Lena</createdBy>
<createdTime>2024-05-31 03:34:23 UTC</createdTime>
<ownerDesignName>modelisation</ownerDesignName>
<engineerTo>
<item key="7B4DF507-5C8F-8718-D83D-81A3DCFA9379" value="true"/>
</engineerTo>
<useDomainConstraints>false</useDomainConstraints>
<use>1</use>
<logicalDatatype>LOGDT019</logicalDatatype>
<ownDataTypeParameters>,,</ownDataTypeParameters>
</Attribute>
</attributes>
<identifiers itemClass="oracle.dbtools.crest.model.design.logical.CandidateKey">
<identifier id="C40C5066-B7D0-8D9D-CCD6-56B043DE89A8" name="ACHAT PK">
<createdBy>Lena</createdBy>
<createdTime>2024-05-31 03:33:35 UTC</createdTime>
<ownerDesignName>modelisation</ownerDesignName>
<shouldEngineer>false</shouldEngineer>
<engineerTo>
<item key="7B4DF507-5C8F-8718-D83D-81A3DCFA9379" value="false"/>
</engineerTo>
<pk>true</pk>
<usedAttributes>
<attributeRef>42154C54-1608-0770-C5B1-FB3A0B81B8B6</attributeRef>
</usedAttributes>
</identifier>
</identifiers>
</Entity>