<?xml version = '1.0' encoding = 'UTF-8'?>
<Table class="oracle.dbtools.crest.model.design.relational.Table" directorySegmentName="seg_0" id="394EE3FA-60A8-C4CD-5C0F-87A57A027886" name="produit_fk_categorie">
<createdBy>Lena</createdBy>
<createdTime>2024-05-31 15:41:24 UTC</createdTime>
<ownerDesignName>modelisation</ownerDesignName>
<allowColumnReorder>false</allowColumnReorder>
<existDependencyGenerateInDDl>true</existDependencyGenerateInDDl>
<parsed>true</parsed>
<columns itemClass="oracle.dbtools.crest.model.design.relational.Column">
<Column name="produit_id_produit" id="A5CEB9DB-CAC2-5AE5-0AE9-15EC961DC22C">
<createdBy>Lena</createdBy>
<createdTime>2024-05-31 15:41:24 UTC</createdTime>
<ownerDesignName>modelisation</ownerDesignName>
<useDomainConstraints>false</useDomainConstraints>
<use>1</use>
<logicalDatatype>LOGDT019</logicalDatatype>
<ownDataTypeParameters>,,</ownDataTypeParameters>
<previousColumn>false</previousColumn>
<autoIncrementCycle>false</autoIncrementCycle>
<associations>
<colAssociation fkAssociation="6D1E3725-08EA-A618-8F70-9A0E33D4FF61" referredColumn="7DC19018-13A6-8140-B8BE-AAADCFA24776"/>
</associations>
</Column>
<Column name="categorie_id_categorie" id="BB685891-9B3B-E1C9-944C-9526506BB60E">
<createdBy>Lena</createdBy>
<createdTime>2024-05-31 15:41:24 UTC</createdTime>
<ownerDesignName>modelisation</ownerDesignName>
<useDomainConstraints>false</useDomainConstraints>
<use>1</use>
<logicalDatatype>LOGDT019</logicalDatatype>
<ownDataTypeParameters>,,</ownDataTypeParameters>
<previousColumn>false</previousColumn>
<autoIncrementCycle>false</autoIncrementCycle>
<associations>
<colAssociation fkAssociation="27F7679A-3F9B-4294-BD90-9BC04FDCF7A7" referredColumn="8B24C2E0-7E4B-087B-30D9-D7EF67361AA0"/>
</associations>
</Column>
</columns>
<indexes itemClass="oracle.dbtools.crest.model.design.relational.Index">
<ind_PK_UK id="3A30F16F-AC33-BDE8-20E3-EAA21A54B0D9" name="produit_fk_categorie_PK">
<createdBy>Lena</createdBy>
<createdTime>2024-05-31 15:41:24 UTC</createdTime>
<ownerDesignName>modelisation</ownerDesignName>
<pk>true</pk>
<indexState>Primary Constraint</indexState>
<isSurrogateKey>false</isSurrogateKey>
<indexColumnUsage>
<colUsage columnID="A5CEB9DB-CAC2-5AE5-0AE9-15EC961DC22C"/>
<colUsage columnID="BB685891-9B3B-E1C9-944C-9526506BB60E"/>
</indexColumnUsage>
</ind_PK_UK>
<ind_PK_UK id="4E44C6EF-3CFC-0080-8ADB-C7085220F536" name="produit_fk_categorie_produit_FK">
<createdBy>Lena</createdBy>
<createdTime>2024-05-31 15:41:24 UTC</createdTime>
<generatorID>821300D8-C3C8-AB21-3947-A987609DD21C</generatorID>
<ownerDesignName>modelisation</ownerDesignName>
<indexState>Foreign Key</indexState>
<isSurrogateKey>false</isSurrogateKey>
<indexColumnUsage>
<colUsage columnID="A5CEB9DB-CAC2-5AE5-0AE9-15EC961DC22C"/>
</indexColumnUsage>
</ind_PK_UK>
<ind_PK_UK id="B11D2B90-F05F-3297-8F6F-1154AE8A2574" name="produit_fk_categorie_categorie_FK">
<createdBy>Lena</createdBy>
<createdTime>2024-05-31 15:41:24 UTC</createdTime>
<generatorID>821300D8-C3C8-AB21-3947-A987609DD21C</generatorID>
<ownerDesignName>modelisation</ownerDesignName>
<indexState>Foreign Key</indexState>
<isSurrogateKey>false</isSurrogateKey>
<indexColumnUsage>
<colUsage columnID="BB685891-9B3B-E1C9-944C-9526506BB60E"/>
</indexColumnUsage>
</ind_PK_UK>
</indexes>
</Table>